Contact Name,ID,ID Type,TS Override
SCPA Local 2,31423,Group,2
Local 9 2,9,Group,2
PennMar 2,8,Group,2
DelMarVa 2,8802,Group,2
Shen Valley 2,31514,Group,2
Parrot 1,9998,Group,1
Parrot 2,9998,Group,2
Interstate Tac 2,8805,Group,2
WPA Local 2,31422,Group,2
NE PA Local 2,31424,Group,Disabled
Tri-State 2,31360,Group,2
Upstate NY 2,31361,Group,2
West-Central 2,31126,Group,2
NE OH 2,31391,Group,2
SW VA 2,31513,Group,2
North PA,3190,Group,2
South MD,311618,Group,2
TAC 310 2,310,Group,2
TAC 311 2,311,Group,2
TAC 312 2,312,Group,2
TAC 313 2,313,Group,2
TAC 314 2,314,Group,2
TAC 315 2,315,Group,2
TAC 316 2,316,Group,2
TAC 317 2,317,Group,2
TAC 318 2,318,Group,2
TAC 319 2,319,Group,2
UA English 2,123,Group,2
JOTA 2,907,Group,2
Public Safety 2,31623,Group,2
California 2,3106,Group,2
Delaware 2,3110,Group,2
WashDC 2,3111,Group,2
Florida 2,3112,Group,2
Georgia 2,3113,Group,2
Idaho 2,3116,Group,2
Illinois 2,3117,Group,2
Indiana 2,3118,Group,2
Kentucky 2,3121,Group,2
Maryland 2,3124,Group,2
Michigan 2,3126,Group,2
Minnesota 2,3127,Group,2
Missouri 2,3129,Group,2
Montana 2,3130,Group,2
New jersey 2,3134,Group,2
New York 2,3136,Group,2
North Carolina 2,3137,Group,2
Ohio 2,3139,Group,2
Pennsylvania 2,3142,Group,2
South Carolina 2,3145,Group,2
Tennessee 2,3147,Group,2
Texas 2,3148,Group,2
Utah 2,3149,Group,2
Virginia 2,3151,Group,1
Va 2 C-Bridge,13151,Group,1
West Virginia 2,3154,Group,1
Wisconsin 2,3155,Group,2
First Coast FL 2,31121,Group,2
Crossroads 2,8710,Group,2
